<?xml version="1.0" encoding="UTF-8"?>
<project-private xmlns="http://www.netbeans.org/ns/project-private/1">
    <editor-bookmarks xmlns="http://www.netbeans.org/ns/editor-bookmarks/2" lastBookmarkId="0"/>
    <open-files xmlns="http://www.netbeans.org/ns/projectui-open-files/2">
        <group>
            <file>file:/C:/Users/Myriam/Documents/NetBeansProjects/RPS_Interfaces/src/rps_interfaces/RegisterDashboardController.java</file>
            <file>file:/C:/Users/Myriam/Documents/NetBeansProjects/RPS_Interfaces/src/rps_interfaces/ViewGradeRegister.fxml</file>
            <file>file:/C:/Users/Myriam/Documents/NetBeansProjects/RPS_Interfaces/src/rps_interfaces/HeadDashboardController.java</file>
            <file>file:/C:/Users/Myriam/Documents/NetBeansProjects/RPS_Interfaces/src/rps_interfaces/ViewGradeHead_Final2Controller.java</file>
            <file>file:/C:/Users/Myriam/Documents/NetBeansProjects/RPS_Interfaces/src/rps_interfaces/ViewGradeRegisterController.java</file>
        </group>
    </open-files>
</project-private>
